<?xml version="1.0" encoding="UTF-8"?>
<metadata xml:lang="de"><Esri><CreaDate>20170321</CreaDate><CreaTime>13035200</CreaTime><ArcGISFormat>1.0</ArcGISFormat><SyncOnce>TRUE</SyncOnce><DataProperties><lineage><Process ToolSource="C:\Program Files (x86)\ArcGIS\Desktop10.0\ArcToolbox\Toolboxes\Spatial Analyst Tools.tbx\RasterCalculator" Date="20170321" Time="130352">RasterCalculator ""gpv1_mm" + "gpv2_mm" + "gpv3_mm"" \\IKT-NT04\IKTDaten\7_Projekte\3220HydrobodII\Daten\Ergänzung\HYdrobod\#Ergaenzungen\gpv_mm</Process></lineage></DataProperties></Esri></metadata>
