<?xml version="1.0" encoding="UTF-8"?>
<metadata xml:lang="de"><Esri><CreaDate>20170130</CreaDate><CreaTime>17042000</CreaTime><ArcGISFormat>1.0</ArcGISFormat><SyncOnce>TRUE</SyncOnce><DataProperties><itemProps><itemLocation><linkage Sync="TRUE">file://\\PCINS4\Daten\Projekte\13210_HYDROBODNOe2\Daten\#Ergaenzungen\gpv3_prozent</linkage><protocol Sync="TRUE">Local Area Network</protocol></itemLocation></itemProps><copyHistory><copy source="D:\temp\#HYDROBOD2\gpv3_prozent" dest="\\PCINS4\Daten\Projekte\13210_HYDROBODNOe2\Daten\#Ergaenzungen\gpv3_prozent" date="20170130" time="17042000"></copy></copyHistory></DataProperties></Esri></metadata>
