<?xml version="1.0" encoding="UTF-8"?>
<metadata xml:lang="de"><Esri><CreaDate>20170125</CreaDate><CreaTime>14003300</CreaTime><ArcGISFormat>1.0</ArcGISFormat><SyncOnce>TRUE</SyncOnce><DataProperties><lineage><Process ToolSource="C:\Program Files (x86)\ArcGIS\Desktop10.0\ArcToolbox\Toolboxes\Spatial Analyst Tools.tbx\Con" Date="20150225" Time="113956">Con isnull_ikt swm_ges K:\BFW\_HYDROBOD_NOe2\Daten\regio\Kennwerte_final_IKT\swm gruend_bfwv2 ""VALUE" = 0"</Process></lineage><itemProps><itemLocation><linkage Sync="TRUE">file://\\PCINS4\Daten\Projekte\13210_HYDROBODNOe2\Daten\#Ergaenzungen\swm</linkage><protocol Sync="TRUE">Local Area Network</protocol></itemLocation></itemProps><copyHistory><copy source="K:\BFW\HYDROBOD_NOe2\Daten\regio\Kennwerte_final_IKT\swm" dest="\\PCINS4\Daten\Projekte\13210_HYDROBODNOe2\Daten\#Ergaenzungen\swm" date="20170125" time="14003300"></copy></copyHistory></DataProperties></Esri></metadata>
