<PAMDataset>
  <Metadata domain="ESRI">
    <MDI key="PyramidResamplingType">NEAREST</MDI>
  </Metadata>
  <PAMRasterBand band="1">
    <Description>swm</Description>
    <Histograms>
      <HistItem>
        <HistMin>-0,5</HistMin>
        <HistMax>255,5</HistMax>
        <BucketCount>256</BucketCount>
        <IncludeOutOfRange>1</IncludeOutOfRange>
        <Approximate>0</Approximate>
        <HistCounts>10310|0|0|0|0|210|0|0|11771|0|3415|0|0|0|0|25281|0|0|0|0|68217|0|0|931|0|109395|0|0|0|0|192914|0|0|0|0|31279|0|0|0|0|72144|0|0|0|0|179832|0|0|0|0|272423|0|0|0|0|216665|0|0|0|0|517027|0|0|0|0|249137|0|0|0|0|203000|0|0|0|0|214784|0|0|0|0|272960|0|0|0|0|260181|0|0|0|0|503119|0|0|0|0|337707|0|0|0|0|4372768|0|0|0|0|0|0|0|0|0|0|0|0|0|0|0|0|0|0|0|0|0|0|0|0|0|0|0|0|0|0|0|0|0|0|0|0|0|0|0|0|0|0|0|0|0|0|0|0|0|0|0|0|0|0|0|0|0|0|0|0|0|0|0|0|0|0|0|0|0|0|0|0|0|0|0|0|0|0|0|0|0|0|0|0|0|0|0|0|0|0|0|0|0|0|0|0|0|0|0|0|0|0|0|0|0|0|0|0|0|0|0|0|0|0|0|0|0|0|0|0|0|0|0|0|0|0|0|0|0|0|0|0|0|0|0|0|0|0|0|0|0|0|0|0|0|0|0|0|0|0|0|0|0|0|0</HistCounts>
      </HistItem>
    </Histograms>
    <Metadata>
      <MDI key="STATISTICS_MINIMUM">0</MDI>
      <MDI key="STATISTICS_MAXIMUM">100</MDI>
      <MDI key="STATISTICS_MEAN">84,19863786341</MDI>
      <MDI key="STATISTICS_STDDEV">22,518831488933</MDI>
    </Metadata>
  </PAMRasterBand>
</PAMDataset>
