<?xml version="1.0" encoding="UTF-8"?>
<metadata xml:lang="de"><Esri><CreaDate>20170131</CreaDate><CreaTime>16384200</CreaTime><ArcGISFormat>1.0</ArcGISFormat><SyncOnce>TRUE</SyncOnce><DataProperties><itemProps><itemLocation><linkage Sync="TRUE">file://\\PCINS4\Daten\Projekte\13210_HYDROBODNOe2\Daten\#Ergaenzungen\pv2_prozent</linkage><protocol Sync="TRUE">Local Area Network</protocol></itemLocation></itemProps><copyHistory><copy source="D:\temp\#HYDROBOD2\pv2_prozent" dest="\\PCINS4\Daten\Projekte\13210_HYDROBODNOe2\Daten\#Ergaenzungen\pv2_prozent" date="20170131" time="16384200"></copy></copyHistory></DataProperties></Esri></metadata>
