<metadata xml:lang="de"><Esri><CreaDate>20150915</CreaDate><CreaTime>16092400</CreaTime><ArcGISFormat>1.0</ArcGISFormat><SyncOnce>FALSE</SyncOnce><DataProperties><lineage><Process ToolSource="C:\Program Files (x86)\ArcGIS\Desktop10.0\ArcToolbox\Toolboxes\Spatial Analyst Tools.tbx\RasterCalculator" Date="20150915" Time="160924">RasterCalculator Con(IsNull("hybod_s0"),FocalStatistics("hybod_s0",NbrRectangle(7,7,"CELL"),"MAXIMUM"),"hybod_s0") D:\Hydrobod_NÖ\temp\Modell\hybod_s0</Process><Process ToolSource="C:\Program Files (x86)\ArcGIS\Desktop10.0\ArcToolbox\Toolboxes\Data Management Tools.tbx\CopyRaster" Date="20150915" Time="162427">CopyRaster D:\Hydrobod_NÖ\temp\Modell\hybod_s0 D:\Hydrobod_NÖ\temp\Modell\hybod_lamb.gdb\hybod_s0 # # # NONE NONE #</Process></lineage><itemProps><itemName Sync="TRUE">hybod_s0</itemName><imsContentType Sync="TRUE">002</imsContentType><nativeExtBox><westBL Sync="TRUE">605157.960097</westBL><eastBL Sync="TRUE">809257.960097</eastBL><southBL Sync="TRUE">250179.730669</southBL><northBL Sync="TRUE">434929.730669</northBL><exTypeCode Sync="TRUE">1</exTypeCode></nativeExtBox><itemLocation><linkage Sync="TRUE">file://G:\Projekte\HYDROBOD_2\20190314__HYDROBOD_Veröffentlichung_Metadaten\OGD_zip\hybod_s0</linkage><protocol Sync="TRUE">Local Area Network</protocol></itemLocation></itemProps><coordRef><type Sync="TRUE">Projected</type><geogcsn Sync="TRUE">GCS_MGI</geogcsn><csUnits Sync="TRUE">Linear Unit: Meter (1.000000)</csUnits><projcsn Sync="TRUE">MGI_Transverse_Mercator</projcsn><peXml Sync="TRUE">&lt;ProjectedCoordinateSystem xsi:type='typens:ProjectedCoordinateSystem' xmlns:xsi='http://www.w3.org/2001/XMLSchema-instance' xmlns:xs='http://www.w3.org/2001/XMLSchema' xmlns:typens='http://www.esri.com/schemas/ArcGIS/10.5'&gt;&lt;WKT&gt;PROJCS[&amp;quot;MGI_Transverse_Mercator&amp;quot;,GEOGCS[&amp;quot;GCS_MGI&amp;quot;,DATUM[&amp;quot;D_MGI&amp;quot;,SPHEROID[&amp;quot;Bessel_1841&amp;quot;,6377397.155,299.1528128]],PRIMEM[&amp;quot;Greenwich&amp;quot;,0.0],UNIT[&amp;quot;Degree&amp;quot;,0.0174532925199433]],PROJECTION[&amp;quot;Transverse_Mercator&amp;quot;],PARAMETER[&amp;quot;False_Easting&amp;quot;,750000.0],PARAMETER[&amp;quot;False_Northing&amp;quot;,-5000000.0],PARAMETER[&amp;quot;Central_Meridian&amp;quot;,16.33333333333333],PARAMETER[&amp;quot;Scale_Factor&amp;quot;,1.0],PARAMETER[&amp;quot;Latitude_Of_Origin&amp;quot;,0.0],UNIT[&amp;quot;Meter&amp;quot;,1.0]]&lt;/WKT&gt;&lt;XOrigin&gt;-4872500&lt;/XOrigin&gt;&lt;YOrigin&gt;-15001000&lt;/YOrigin&gt;&lt;XYScale&gt;450314931.24392509&lt;/XYScale&gt;&lt;ZOrigin&gt;-100000&lt;/ZOrigin&gt;&lt;ZScale&gt;10000&lt;/ZScale&gt;&lt;MOrigin&gt;-100000&lt;/MOrigin&gt;&lt;MScale&gt;10000&lt;/MScale&gt;&lt;XYTolerance&gt;0.001&lt;/XYTolerance&gt;&lt;ZTolerance&gt;0.001&lt;/ZTolerance&gt;&lt;MTolerance&gt;0.001&lt;/MTolerance&gt;&lt;HighPrecision&gt;true&lt;/HighPrecision&gt;&lt;/ProjectedCoordinateSystem&gt;</peXml></coordRef><RasterProperties><General><PixelDepth Sync="TRUE">8</PixelDepth><HasColormap Sync="TRUE">FALSE</HasColormap><CompressionType Sync="TRUE">RLE</CompressionType><NumBands Sync="TRUE">1</NumBands><Format Sync="TRUE">GRID</Format><HasPyramids Sync="TRUE">TRUE</HasPyramids><SourceType Sync="TRUE">discrete</SourceType><PixelType Sync="TRUE">signed integer</PixelType><NoDataValue Sync="TRUE">-128</NoDataValue></General></RasterProperties></DataProperties><SyncDate>20190605</SyncDate><SyncTime>09530900</SyncTime><ModDate>20190605</ModDate><ModTime>09530900</ModTime></Esri><dataIdInfo><envirDesc Sync="TRUE"> Version 6.2 (Build 9200) ; Esri ArcGIS 10.5.1.7333</envirDesc><dataLang><languageCode value="deu" Sync="TRUE"></languageCode><countryCode value="DEU" Sync="TRUE"></countryCode></dataLang><idCitation><resTitle Sync="TRUE">hybod_s0</resTitle><presForm><PresFormCd value="005" Sync="TRUE"></PresFormCd></presForm></idCitation><spatRpType><SpatRepTypCd value="002" Sync="TRUE"></SpatRepTypCd></spatRpType><dataExt><geoEle><GeoBndBox esriExtentType="search"><exTypeCode Sync="TRUE">1</exTypeCode><westBL Sync="TRUE">14.352143</westBL><eastBL Sync="TRUE">17.144092</eastBL><northBL Sync="TRUE">49.052672</northBL><southBL Sync="TRUE">47.374933</southBL></GeoBndBox></geoEle></dataExt></dataIdInfo><mdLang><languageCode value="deu" Sync="TRUE"></languageCode><countryCode value="DEU" Sync="TRUE"></countryCode></mdLang><mdChar><CharSetCd value="004" Sync="TRUE"></CharSetCd></mdChar><distInfo><distFormat><formatName Sync="TRUE">Raster-Dataset</formatName></distFormat></distInfo><mdHrLv><ScopeCd value="005" Sync="TRUE"></ScopeCd></mdHrLv><mdHrLvName Sync="TRUE">dataset</mdHrLvName><refSysInfo><RefSystem><refSysID><identCode code="0" Sync="TRUE"></identCode></refSysID></RefSystem></refSysInfo><spdoinfo><rastinfo><rasttype Sync="TRUE">Pixel</rasttype><rowcount Sync="TRUE">3695</rowcount><colcount Sync="TRUE">4082</colcount><rastxsz Sync="TRUE">50,000000</rastxsz><rastysz Sync="TRUE">50,000000</rastysz><rastbpp Sync="TRUE">8</rastbpp><vrtcount Sync="TRUE">1</vrtcount><rastorig Sync="TRUE">Upper Left</rastorig><rastcmap Sync="TRUE">FALSE</rastcmap><rastcomp Sync="TRUE">LZ77</rastcomp><rastband Sync="TRUE">1</rastband><rastdtyp Sync="TRUE">pixel codes</rastdtyp><rastifor Sync="TRUE">FGDBR</rastifor><rastplyr Sync="TRUE">TRUE</rastplyr></rastinfo></spdoinfo><spref><horizsys><planar><planci><plance Sync="TRUE">row and column</plance><coordrep><absres Sync="TRUE">50,000000</absres><ordres Sync="TRUE">50,000000</ordres></coordrep></planci></planar></horizsys></spref><eainfo><detailed Name="hybod_s0.vat"><enttyp><enttypl Sync="TRUE">hybod_s0.vat</enttypl><enttypt Sync="TRUE">Table</enttypt><enttypc Sync="TRUE">2</enttypc></enttyp><attr><attrlabl Sync="TRUE">Rowid</attrlabl><attalias Sync="TRUE">Rowid</attalias><attrtype Sync="TRUE">OID</attrtype><attwidth Sync="TRUE">4</attwidth><atprecis Sync="TRUE">0</atprecis><attscale Sync="TRUE">0</attscale><attrdef Sync="TRUE">Internal feature number.</attrdef><attrdefs Sync="TRUE">Esri</attrdefs><attrdomv><udom Sync="TRUE">Sequential unique whole numbers that are automatically generated.</udom></attrdomv></attr><attr><attrlabl Sync="TRUE">VALUE</attrlabl><attalias Sync="TRUE">VALUE</attalias><attrtype Sync="TRUE">Integer</attrtype><attwidth Sync="TRUE">4</attwidth><atprecis Sync="TRUE">0</atprecis><attscale Sync="TRUE">0</attscale></attr><attr><attrlabl Sync="TRUE">COUNT</attrlabl><attalias Sync="TRUE">COUNT</attalias><attrtype Sync="TRUE">Integer</attrtype><attwidth Sync="TRUE">4</attwidth><atprecis Sync="TRUE">0</atprecis><attscale Sync="TRUE">0</attscale></attr></detailed></eainfo><mdDateSt Sync="TRUE">20190605</mdDateSt><spatRepInfo><Georect><cellGeo><CellGeoCd Sync="TRUE" value="002"></CellGeoCd></cellGeo><numDims Sync="TRUE">2</numDims><tranParaAv Sync="TRUE">1</tranParaAv><chkPtAv Sync="TRUE">0</chkPtAv><cornerPts><pos Sync="TRUE">605157.960097 250179.730669</pos></cornerPts><cornerPts><pos Sync="TRUE">605157.960097 434929.730669</pos></cornerPts><cornerPts><pos Sync="TRUE">809257.960097 434929.730669</pos></cornerPts><cornerPts><pos Sync="TRUE">809257.960097 250179.730669</pos></cornerPts><centerPt><pos Sync="TRUE">707207.960097 342554.730669</pos></centerPt><axisDimension type="002"><dimSize Sync="TRUE">4082</dimSize><dimResol><value Sync="TRUE" uom="m">50.000000</value></dimResol></axisDimension><axisDimension type="001"><dimSize Sync="TRUE">3695</dimSize><dimResol><value Sync="TRUE" uom="m">50.000000</value></dimResol></axisDimension><ptInPixel><PixOrientCd Sync="TRUE" value="001"></PixOrientCd></ptInPixel></Georect></spatRepInfo><contInfo><ImgDesc><contentTyp><ContentTypCd Sync="TRUE" value="002"></ContentTypCd></contentTyp><covDim><Band><dimDescrp Sync="TRUE">hybod_s0</dimDescrp><maxVal Sync="TRUE">5.000000</maxVal><minVal Sync="TRUE">2.000000</minVal><bitsPerVal Sync="TRUE">8</bitsPerVal><valUnit><UOM type="length"></UOM></valUnit></Band></covDim></ImgDesc></contInfo></metadata>
