<?xml version="1.0" encoding="UTF-8"?>
<metadata xml:lang="de"><Esri><CreaDate>20170130</CreaDate><CreaTime>16311900</CreaTime><ArcGISFormat>1.0</ArcGISFormat><SyncOnce>TRUE</SyncOnce><DataProperties><itemProps><itemLocation><linkage Sync="TRUE">file://\\PCINS4\Daten\Projekte\13210_HYDROBODNOe2\Daten\#Ergaenzungen\gpv1_prozent</linkage><protocol Sync="TRUE">Local Area Network</protocol></itemLocation></itemProps><copyHistory><copy source="D:\temp\#HYDROBOD2\gpv1_prozent" dest="\\PCINS4\Daten\Projekte\13210_HYDROBODNOe2\Daten\#Ergaenzungen\gpv1_prozent" date="20170130" time="16311900"></copy></copyHistory></DataProperties></Esri></metadata>
